"Carimbo de data/hora","Qual sua idade?","Qual o seu grau de escolaridade?","Qual seu estado civil?","O quanto te incomoda andar ao lado de pessoas fumando?","Você gosta de conversar com pessoas que conhece há pouco tempo?","Você gosta de andar acompanhado(a) de pessoas com animais de estimação?","Para você, o quão importante é o custo da viagem (considerando os gastos com meios de transporte)?","Para você, o quão importante é o tempo gasto na viagem (considerando caminhada e meios de transporte)?","Para você, o quão importante é o conforto da viagem?","Para você, o quão importante é a segurança da viagem?","Para você, o quão importante é a qualidade visual da viagem?","Com que frequência você utiliza os seguintes meios de transporte? [Trem]","Com que frequência você utiliza os seguintes meios de transporte? [Metrô]","Com que frequência você utiliza os seguintes meios de transporte? [Ônibus]","Com que frequência você utiliza os seguintes meios de transporte? [Caminhada]","Com que frequência você utiliza os seguintes meios de transporte? [Bicicleta]","Com que frequência você sai nos períodos indicados abaixo? [Manhã]","Com que frequência você sai nos períodos indicados abaixo? [Tarde]","Com que frequência você sai nos períodos indicados abaixo? [Noite]"
"2020/06/08 6:04:47 PM GMT-3","De 18 a 24 anos","Ensino Superior incompleto","Solteiro(a)","3","3","3","2","4","3","5","2","4x por semana ou mais","4x por semana ou mais","4x por semana ou mais","4x por semana ou mais","Raramente","4x por semana ou mais","1x por mês","Raramente"
"2020/06/08 6:09:03 PM GMT-3","De 18 a 24 anos","Ensino Superior incompleto","Solteiro(a)","4","3","2","4","2","5","5","4","4x por semana ou mais","4x por semana ou mais","2-3x por semana","4x por semana ou mais","Raramente","4x por semana ou mais","4x por semana ou mais","1x por mês"
"2020/06/08 6:16:01 PM GMT-3","De 18 a 24 anos","Ensino Superior incompleto","Solteiro(a)","4","3","2","3","4","5","5","2","4x por semana ou mais","4x por semana ou mais","4x por semana ou mais","4x por semana ou mais","Raramente","4x por semana ou mais","1x por mês","4x por semana ou mais"
"2020/06/08 6:23:28 PM GMT-3","De 18 a 24 anos","Ensino Superior incompleto","Solteiro(a)","4","3","3","3","4","5","5","5","4x por semana ou mais","4x por semana ou mais","Raramente","Raramente","Raramente","4x por semana ou mais","1x por semana","2-3x por semana"
"2020/06/08 6:30:55 PM GMT-3","De 36 a 50 anos","Ensino Médio completo","Casado(a)","5","2","3","5","5","5","5","5","1x por mês","1x por mês","Raramente","2-3x por semana","Raramente","1x por mês","1x por semana","Raramente"
"2020/06/08 6:39:49 PM GMT-3","De 18 a 24 anos","Ensino Superior incompleto","Solteiro(a)","3","5","5","1","2","3","5","3","1x por semana","1x por mês","Raramente","4x por semana ou mais","Raramente","4x por semana ou mais","1x por semana","4x por semana ou mais"
"2020/06/08 6:40:56 PM GMT-3","De 18 a 24 anos","Ensino Superior incompleto","Solteiro(a)","4","4","4","5","4","4","4","3","Raramente","Raramente","Raramente","1x por semana","1x por mês","4x por semana ou mais","2-3x por semana","1x por semana"
"2020/06/08 6:40:57 PM GMT-3","De 18 a 24 anos","Ensino Superior completo","Solteiro(a)","3","3","3","2","4","3","5","2","4x por semana ou mais","Raramente","4x por semana ou mais","4x por semana ou mais","Raramente","4x por semana ou mais","Raramente","1x por semana"
"2020/06/08 6:41:01 PM GMT-3","De 18 a 24 anos","Ensino Médio completo","Solteiro(a)","5","2","4","3","4","4","5","5","4x por semana ou mais","1x por mês","1x por mês","Raramente","Raramente","4x por semana ou mais","1x por semana","Raramente"
"2020/06/08 6:46:31 PM GMT-3","Até 17 anos","Ensino Médio incompleto","Solteiro(a)","1","3","3","4","5","2","5","2","4x por semana ou mais","4x por semana ou mais","4x por semana ou mais","4x por semana ou mais","Raramente","Raramente","4x por semana ou mais","Raramente"
"2020/06/08 6:48:14 PM GMT-3","De 18 a 24 anos","Ensino Superior incompleto","Solteiro(a)","5","3","3","4","5","5","5","4","4x por semana ou mais","Raramente","4x por semana ou mais","Raramente","Raramente","1x por semana","1x por semana","1x por semana"
"2020/06/08 6:51:23 PM GMT-3","De 18 a 24 anos","Ensino Superior incompleto","Solteiro(a)","3","3","4","2","3","4","4","5","Raramente","Raramente","Raramente","1x por mês","1x por mês","4x por semana ou mais","4x por semana ou mais","4x por semana ou mais"
"2020/06/08 6:51:45 PM GMT-3","De 18 a 24 anos","Ensino Superior incompleto","Solteiro(a)","3","4","4","4","5","5","5","3","4x por semana ou mais","4x por semana ou mais","4x por semana ou mais","2-3x por semana","Raramente","4x por semana ou mais","Raramente","1x por semana"
"2020/06/08 6:55:11 PM GMT-3","De 18 a 24 anos","Ensino Superior incompleto","Solteiro(a)","3","5","5","5","5","5","5","5","4x por semana ou mais","4x por semana ou mais","4x por semana ou mais","4x por semana ou mais","Raramente","4x por semana ou mais","Raramente","4x por semana ou mais"
"2020/06/08 6:57:16 PM GMT-3","De 18 a 24 anos","Ensino Superior incompleto","Solteiro(a)","5","2","5","5","4","5","4","2","Raramente","Raramente","4x por semana ou mais","4x por semana ou mais","Raramente","2-3x por semana","4x por semana ou mais","2-3x por semana"
"2020/06/08 7:00:43 PM GMT-3","De 18 a 24 anos","Ensino Superior incompleto","Solteiro(a)","4","3","5","5","4","4","5","3","Raramente","Raramente","Raramente","2-3x por semana","Raramente","1x por semana","4x por semana ou mais","1x por semana"
"2020/06/08 7:00:53 PM GMT-3","De 18 a 24 anos","Ensino Superior incompleto","Solteiro(a)","4","2","5","5","5","3","4","4","4x por semana ou mais","1x por semana","4x por semana ou mais","4x por semana ou mais","1x por mês","4x por semana ou mais","2-3x por semana","4x por semana ou mais"
"2020/06/08 7:01:46 PM GMT-3","De 25 a 35 anos","Ensino Superior incompleto","Solteiro(a)","5","3","3","4","5","4","5","5","4x por semana ou mais","Raramente","4x por semana ou mais","2-3x por semana","Raramente","4x por semana ou mais","2-3x por semana","Raramente"
"2020/06/08 7:10:52 PM GMT-3","De 18 a 24 anos","Ensino Superior incompleto","Solteiro(a)","4","3","5","3","5","5","5","1","4x por semana ou mais","1x por mês","4x por semana ou mais","4x por semana ou mais","Raramente","4x por semana ou mais","4x por semana ou mais","4x por semana ou mais"
"2020/06/08 7:16:03 PM GMT-3","De 25 a 35 anos","Ensino Superior completo","Solteiro(a)","4","3","5","2","5","5","5","4","4x por semana ou mais","Raramente","Raramente","4x por semana ou mais","Raramente","4x por semana ou mais","4x por semana ou mais","Raramente"
"2020/06/08 7:17:51 PM GMT-3","De 18 a 24 anos","Ensino Superior incompleto","Solteiro(a)","1","5","5","4","5","5","5","3","4x por semana ou mais","4x por semana ou mais","4x por semana ou mais","4x por semana ou mais","Raramente","4x por semana ou mais","1x por semana","4x por semana ou mais"
"2020/06/08 7:20:20 PM GMT-3","De 18 a 24 anos","Ensino Superior incompleto","Solteiro(a)","4","3","5","5","4","4","5","3","4x por semana ou mais","4x por semana ou mais","4x por semana ou mais","4x por semana ou mais","Raramente","Raramente","4x por semana ou mais","2-3x por semana"
"2020/06/08 7:21:12 PM GMT-3","De 18 a 24 anos","Ensino Superior incompleto","Solteiro(a)","5","3","3","4","2","4","5","2","4x por semana ou mais","4x por semana ou mais","4x por semana ou mais","2-3x por semana","Raramente","4x por semana ou mais","4x por semana ou mais","Raramente"
"2020/06/08 7:23:53 PM GMT-3","De 25 a 35 anos","Ensino Superior completo","Casado(a)","5","2","3","4","5","3","4","1","4x por semana ou mais","4x por semana ou mais","4x por semana ou mais","2-3x por semana","Raramente","4x por semana ou mais","Raramente","2-3x por semana"
"2020/06/08 7:24:17 PM GMT-3","De 18 a 24 anos","Ensino Superior incompleto","Solteiro(a)","5","3","3","4","4","5","5","2","Raramente","Raramente","Raramente","4x por semana ou mais","4x por semana ou mais","4x por semana ou mais","4x por semana ou mais","1x por semana"
"2020/06/08 7:29:04 PM GMT-3","Até 17 anos","Ensino Médio incompleto","Solteiro(a)","5","5","4","5","2","5","5","1","4x por semana ou mais","1x por semana","4x por semana ou mais","4x por semana ou mais","Raramente","4x por semana ou mais","4x por semana ou mais","4x por semana ou mais"
"2020/06/08 7:29:21 PM GMT-3","De 25 a 35 anos","Ensino Superior completo","Solteiro(a)","4","4","1","5","5","4","2","5","Raramente","Raramente","Raramente","2-3x por semana","Raramente","4x por semana ou mais","2-3x por semana","1x por semana"
"2020/06/08 7:32:35 PM GMT-3","De 18 a 24 anos","Ensino Superior incompleto","Solteiro(a)","5","3","2","3","4","4","4","3","4x por semana ou mais","4x por semana ou mais","4x por semana ou mais","4x por semana ou mais","Raramente","4x por semana ou mais","4x por semana ou mais","4x por semana ou mais"
"2020/06/08 7:32:55 PM GMT-3","De 18 a 24 anos","Ensino Superior incompleto","Solteiro(a)","2","4","4","4","2","3","4","3","1x por mês","4x por semana ou mais","4x por semana ou mais","4x por semana ou mais","1x por semana","1x por semana","2-3x por semana","4x por semana ou mais"
"2020/06/08 7:38:04 PM GMT-3","De 18 a 24 anos","Ensino Superior incompleto","Solteiro(a)","4","3","4","5","5","4","5","4","4x por semana ou mais","4x por semana ou mais","4x por semana ou mais","2-3x por semana","Raramente","4x por semana ou mais","4x por semana ou mais","1x por semana"
"2020/06/08 7:42:25 PM GMT-3","De 18 a 24 anos","Ensino Superior incompleto","Solteiro(a)","5","3","5","5","5","5","5","5","Raramente","Raramente","Raramente","4x por semana ou mais","Raramente","4x por semana ou mais","Raramente","2-3x por semana"
"2020/06/08 7:59:31 PM GMT-3","De 18 a 24 anos","Ensino Superior completo","Solteiro(a)","1","5","4","5","5","5","5","4","Raramente","Raramente","Raramente","2-3x por semana","2-3x por semana","2-3x por semana","Raramente","2-3x por semana"
"2020/06/08 8:31:16 PM GMT-3","De 25 a 35 anos","Ensino Superior completo","Casado(a)","5","3","5","5","5","5","5","4","1x por semana","1x por semana","4x por semana ou mais","4x por semana ou mais","Raramente","4x por semana ou mais","4x por semana ou mais","4x por semana ou mais"
"2020/06/08 8:37:43 PM GMT-3","De 18 a 24 anos","Ensino Superior incompleto","Solteiro(a)","3","4","3","3","3","4","5","4","Raramente","2-3x por semana","2-3x por semana","2-3x por semana","Raramente","Raramente","2-3x por semana","Raramente"
"2020/06/08 8:41:41 PM GMT-3","De 18 a 24 anos","Ensino Superior incompleto","Solteiro(a)","5","4","5","5","4","4","5","4","4x por semana ou mais","1x por mês","4x por semana ou mais","1x por mês","1x por mês","4x por semana ou mais","1x por mês","2-3x por semana"
"2020/06/08 9:07:53 PM GMT-3","De 18 a 24 anos","Ensino Superior completo","Solteiro(a)","4","4","5","5","5","5","5","5","2-3x por semana","Raramente","2-3x por semana","2-3x por semana","Raramente","4x por semana ou mais","4x por semana ou mais","4x por semana ou mais"
"2020/06/08 9:08:14 PM GMT-3","De 36 a 50 anos","Pós-graduação","Casado(a)","5","3","3","5","5","5","5","4","Raramente","Raramente","1x por semana","2-3x por semana","Raramente","2-3x por semana","2-3x por semana","Raramente"
"2020/06/08 9:08:39 PM GMT-3","De 18 a 24 anos","Pós-graduação","Solteiro(a)","5","3","5","5","5","5","5","4","1x por semana","1x por semana","1x por semana","1x por mês","Raramente","1x por semana","Raramente","1x por semana"
"2020/06/08 9:15:13 PM GMT-3","A partir de 51 anos","Ensino Superior completo","Casado(a)","5","3","3","5","5","5","5","5","Raramente","Raramente","Raramente","2-3x por semana","Raramente","4x por semana ou mais","4x por semana ou mais","2-3x por semana"
"2020/06/09 1:04:04 AM GMT-3","A partir de 51 anos","Ensino Superior completo","Casado(a)","1","3","1","5","5","5","5","5","Raramente","Raramente","Raramente","4x por semana ou mais","Raramente","4x por semana ou mais","Raramente","Raramente"
"2020/06/09 10:37:00 AM GMT-3","De 18 a 24 anos","Ensino Superior incompleto","Solteiro(a)","3","2","5","5","5","4","4","2","4x por semana ou mais","1x por mês","2-3x por semana","2-3x por semana","Raramente","4x por semana ou mais","2-3x por semana","1x por semana"
"2020/06/09 6:01:36 PM GMT-3","De 36 a 50 anos","Pós-graduação","Casado(a)","5","3","4","5","5","5","5","4","Raramente","Raramente","1x por mês","4x por semana ou mais","Raramente","4x por semana ou mais","4x por semana ou mais","4x por semana ou mais"
"2020/06/09 6:02:48 PM GMT-3","De 36 a 50 anos","Ensino Médio completo","Solteiro(a)","5","3","2","5","5","5","5","5","Raramente","4x por semana ou mais","4x por semana ou mais","2-3x por semana","Raramente","2-3x por semana","2-3x por semana","1x por semana"
"2020/06/09 6:07:46 PM GMT-3","De 25 a 35 anos","Ensino Médio incompleto","Solteiro(a)","3","5","2","5","1","2","5","2","4x por semana ou mais","4x por semana ou mais","4x por semana ou mais","1x por semana","Raramente","4x por semana ou mais","Raramente","2-3x por semana"
"2020/06/09 6:09:52 PM GMT-3","De 25 a 35 anos","Ensino Superior completo","Solteiro(a)","2","4","2","5","2","3","4","1","1x por mês","4x por semana ou mais","Raramente","4x por semana ou mais","1x por mês","1x por semana","4x por semana ou mais","4x por semana ou mais"
"2020/06/09 6:11:30 PM GMT-3","De 36 a 50 anos","Ensino Superior completo","Casado(a)","5","3","4","5","4","2","5","2","4x por semana ou mais","1x por mês","2-3x por semana","2-3x por semana","1x por semana","4x por semana ou mais","2-3x por semana","1x por semana"
"2020/06/09 6:11:45 PM GMT-3","De 36 a 50 anos","Ensino Superior completo","Casado(a)","5","3","2","5","5","5","5","5","4x por semana ou mais","4x por semana ou mais","Raramente","2-3x por semana","Raramente","4x por semana ou mais","4x por semana ou mais","Raramente"
"2020/06/09 6:13:35 PM GMT-3","De 25 a 35 anos","Ensino Superior completo","Solteiro(a)","4","3","2","4","5","4","5","4","4x por semana ou mais","4x por semana ou mais","4x por semana ou mais","4x por semana ou mais","Raramente","4x por semana ou mais","4x por semana ou mais","2-3x por semana"
"2020/06/09 6:14:59 PM GMT-3","De 36 a 50 anos","Ensino Superior completo","Casado(a)","5","3","5","4","5","5","5","3","Raramente","Raramente","Raramente","Raramente","Raramente","1x por mês","4x por semana ou mais","2-3x por semana"
"2020/06/09 6:15:22 PM GMT-3","A partir de 51 anos","Pós-graduação","Casado(a)","1","1","1","1","3","5","5","5","Raramente","Raramente","Raramente","2-3x por semana","4x por semana ou mais","4x por semana ou mais","4x por semana ou mais","1x por semana"
"2020/06/09 6:16:11 PM GMT-3","Até 17 anos","Ensino Médio incompleto","Solteiro(a)","1","1","1","3","3","5","5","5","4x por semana ou mais","4x por semana ou mais","4x por semana ou mais","1x por semana","Raramente","4x por semana ou mais","Raramente","1x por semana"
"2020/06/09 6:18:27 PM GMT-3","De 25 a 35 anos","Ensino Superior incompleto","Solteiro(a)","1","4","4","3","1","2","3","2","Raramente","4x por semana ou mais","4x por semana ou mais","4x por semana ou mais","Raramente","4x por semana ou mais","Raramente","4x por semana ou mais"
"2020/06/09 6:19:00 PM GMT-3","De 25 a 35 anos","Pós-graduação","Solteiro(a)","2","1","5","5","2","3","5","4","Raramente","Raramente","4x por semana ou mais","4x por semana ou mais","Raramente","Raramente","4x por semana ou mais","Raramente"
"2020/06/09 6:22:52 PM GMT-3","De 18 a 24 anos","Ensino Médio completo","Solteiro(a)","1","4","5","2","5","2","3","3","1x por semana","4x por semana ou mais","4x por semana ou mais","4x por semana ou mais","1x por semana","Raramente","4x por semana ou mais","4x por semana ou mais"
"2020/06/09 6:23:43 PM GMT-3","De 36 a 50 anos","Pós-graduação","Casado(a)","5","3","2","2","5","5","5","4","Raramente","Raramente","2-3x por semana","4x por semana ou mais","1x por semana","4x por semana ou mais","4x por semana ou mais","1x por semana"
"2020/06/09 6:33:58 PM GMT-3","A partir de 51 anos","Ensino Superior incompleto","Casado(a)","4","5","3","5","5","5","5","4","Raramente","Raramente","Raramente","Raramente","Raramente","2-3x por semana","2-3x por semana","Raramente"
"2020/06/09 6:34:34 PM GMT-3","A partir de 51 anos","Ensino Médio completo","Solteiro(a)","5","5","3","5","5","5","5","5","1x por mês","Raramente","1x por semana","1x por semana","Raramente","1x por semana","1x por semana","Raramente"
"2020/06/09 6:35:08 PM GMT-3","A partir de 51 anos","Pós-graduação","Casado(a)","5","5","3","5","5","5","5","5","Raramente","4x por semana ou mais","Raramente","2-3x por semana","Raramente","4x por semana ou mais","1x por semana","1x por semana"
"2020/06/09 6:37:39 PM GMT-3","De 36 a 50 anos","Ensino Superior completo","Casado(a)","5","3","5","4","5","5","5","4","Raramente","Raramente","2-3x por semana","2-3x por semana","1x por semana","2-3x por semana","2-3x por semana","Raramente"
"2020/06/09 6:40:23 PM GMT-3","A partir de 51 anos","Pós-graduação","Divorciado(a)","5","5","3","3","3","5","5","5","Raramente","Raramente","Raramente","Raramente","2-3x por semana","2-3x por semana","2-3x por semana","Raramente"
"2020/06/09 6:57:37 PM GMT-3","De 36 a 50 anos","Ensino Superior completo","Divorciado(a)","5","2","4","5","5","5","5","5","Raramente","2-3x por semana","1x por semana","4x por semana ou mais","1x por mês","4x por semana ou mais","4x por semana ou mais","4x por semana ou mais"
"2020/06/09 7:09:12 PM GMT-3","De 36 a 50 anos","Ensino Superior incompleto","Casado(a)","3","2","5","5","4","4","5","3","1x por semana","Raramente","Raramente","4x por semana ou mais","Raramente","4x por semana ou mais","4x por semana ou mais","4x por semana ou mais"
"2020/06/09 7:09:39 PM GMT-3","De 18 a 24 anos","Ensino Superior incompleto","Solteiro(a)","4","3","3","1","4","5","5","1","4x por semana ou mais","Raramente","Raramente","4x por semana ou mais","1x por semana","4x por semana ou mais","Raramente","Raramente"
"2020/06/09 7:37:39 PM GMT-3","De 36 a 50 anos","Ensino Superior completo","Divorciado(a)","3","3","3","4","4","4","5","5","Raramente","1x por mês","Raramente","1x por mês","Raramente","4x por semana ou mais","2-3x por semana","1x por semana"
"2020/06/09 7:44:59 PM GMT-3","De 36 a 50 anos","Pós-graduação","Casado(a)","5","4","2","2","3","5","5","4","Raramente","Raramente","Raramente","1x por semana","2-3x por semana","1x por semana","1x por mês","Raramente"
"2020/06/09 8:08:13 PM GMT-3","De 18 a 24 anos","Ensino Superior incompleto","Solteiro(a)","2","2","5","5","5","3","4","4","Raramente","Raramente","1x por semana","2-3x por semana","Raramente","4x por semana ou mais","1x por semana","4x por semana ou mais"
"2020/06/09 8:13:42 PM GMT-3","De 18 a 24 anos","Ensino Superior incompleto","Solteiro(a)","3","3","4","3","3","5","5","3","1x por semana","Raramente","4x por semana ou mais","2-3x por semana","Raramente","4x por semana ou mais","2-3x por semana","2-3x por semana"
"2020/06/09 8:17:59 PM GMT-3","Até 17 anos","Ensino Médio incompleto","Solteiro(a)","5","3","4","4","5","4","5","2","Raramente","Raramente","Raramente","4x por semana ou mais","Raramente","4x por semana ou mais","4x por semana ou mais","Raramente"
"2020/06/09 8:18:16 PM GMT-3","De 18 a 24 anos","Ensino Superior incompleto","Solteiro(a)","5","3","5","5","4","5","5","5","Raramente","4x por semana ou mais","4x por semana ou mais","4x por semana ou mais","Raramente","4x por semana ou mais","1x por semana","4x por semana ou mais"
"2020/06/09 8:18:26 PM GMT-3","Até 17 anos","Ensino Médio incompleto","Solteiro(a)","4","3","3","5","5","4","5","3","Raramente","2-3x por semana","Raramente","Raramente","Raramente","1x por semana","1x por semana","Raramente"
"2020/06/09 8:18:32 PM GMT-3","Até 17 anos","Ensino Médio incompleto","Solteiro(a)","3","4","4","5","4","5","5","5","Raramente","Raramente","1x por mês","4x por semana ou mais","Raramente","4x por semana ou mais","4x por semana ou mais","4x por semana ou mais"
"2020/06/09 8:18:52 PM GMT-3","De 18 a 24 anos","Ensino Superior incompleto","Solteiro(a)","4","4","3","5","5","2","4","1","Raramente","Raramente","4x por semana ou mais","Raramente","4x por semana ou mais","4x por semana ou mais","4x por semana ou mais","1x por semana"
"2020/06/09 8:18:56 PM GMT-3","Até 17 anos","Ensino Médio incompleto","Solteiro(a)","5","5","5","4","5","5","5","5","Raramente","Raramente","4x por semana ou mais","Raramente","Raramente","2-3x por semana","1x por semana","4x por semana ou mais"
"2020/06/09 8:19:08 PM GMT-3","Até 17 anos","Ensino Fundamental ou menos","Solteiro(a)","3","4","3","4","1","4","5","2","Raramente","Raramente","1x por mês","1x por semana","Raramente","4x por semana ou mais","4x por semana ou mais","4x por semana ou mais"
"2020/06/09 8:19:16 PM GMT-3","Até 17 anos","Ensino Médio incompleto","Solteiro(a)","3","4","4","3","3","4","5","1","Raramente","2-3x por semana","4x por semana ou mais","4x por semana ou mais","1x por semana","4x por semana ou mais","4x por semana ou mais","2-3x por semana"
"2020/06/09 8:19:25 PM GMT-3","Até 17 anos","Ensino Fundamental ou menos","Solteiro(a)","5","3","4","5","3","4","5","4","Raramente","Raramente","Raramente","2-3x por semana","Raramente","4x por semana ou mais","1x por mês","Raramente"
"2020/06/09 8:19:25 PM GMT-3","Até 17 anos","Ensino Médio incompleto","Solteiro(a)","5","5","3","3","4","5","5","2","Raramente","Raramente","1x por mês","4x por semana ou mais","1x por semana","4x por semana ou mais","2-3x por semana","1x por mês"
"2020/06/09 8:19:34 PM GMT-3","De 18 a 24 anos","Ensino Médio incompleto","Solteiro(a)","5","3","4","4","4","5","5","3","Raramente","Raramente","4x por semana ou mais","Raramente","Raramente","Raramente","2-3x por semana","1x por semana"
"2020/06/09 8:19:38 PM GMT-3","Até 17 anos","Ensino Médio incompleto","Solteiro(a)","5","4","5","5","5","5","5","3","Raramente","4x por semana ou mais","4x por semana ou mais","4x por semana ou mais","Raramente","4x por semana ou mais","4x por semana ou mais","2-3x por semana"
"2020/06/09 8:19:45 PM GMT-3","Até 17 anos","Ensino Fundamental ou menos","Solteiro(a)","4","5","4","4","5","3","2","1","Raramente","Raramente","Raramente","1x por mês","2-3x por semana","4x por semana ou mais","4x por semana ou mais","2-3x por semana"
"2020/06/09 8:19:46 PM GMT-3","Até 17 anos","Ensino Médio incompleto","Solteiro(a)","3","4","5","5","5","4","5","3","Raramente","Raramente","2-3x por semana","4x por semana ou mais","Raramente","Raramente","2-3x por semana","2-3x por semana"
"2020/06/09 8:19:51 PM GMT-3","Até 17 anos","Ensino Médio incompleto","Solteiro(a)","4","3","4","4","5","4","5","4","Raramente","1x por mês","4x por semana ou mais","Raramente","Raramente","4x por semana ou mais","1x por mês","Raramente"
"2020/06/09 8:19:59 PM GMT-3","Até 17 anos","Ensino Fundamental ou menos","Solteiro(a)","1","5","5","3","3","4","2","3","Raramente","Raramente","Raramente","2-3x por semana","Raramente","2-3x por semana","1x por semana","2-3x por semana"
"2020/06/09 8:20:00 PM GMT-3","De 25 a 35 anos","Pós-graduação","Casado(a)","5","3","4","5","5","4","4","5","Raramente","Raramente","Raramente","1x por semana","Raramente","Raramente","1x por semana","Raramente"
"2020/06/09 8:20:03 PM GMT-3","De 18 a 24 anos","Ensino Médio completo","Solteiro(a)","5","2","5","5","5","4","5","3","Raramente","Raramente","1x por semana","2-3x por semana","Raramente","1x por semana","1x por mês","Raramente"
"2020/06/09 8:20:05 PM GMT-3","De 18 a 24 anos","Ensino Superior incompleto","Solteiro(a)","5","3","5","5","5","5","5","2","Raramente","Raramente","4x por semana ou mais","4x por semana ou mais","Raramente","4x por semana ou mais","4x por semana ou mais","1x por semana"
"2020/06/09 8:20:05 PM GMT-3","Até 17 anos","Ensino Fundamental ou menos","Solteiro(a)","4","3","5","5","4","5","5","5","Raramente","Raramente","1x por mês","2-3x por semana","Raramente","4x por semana ou mais","4x por semana ou mais","2-3x por semana"
"2020/06/09 8:20:15 PM GMT-3","Até 17 anos","Ensino Fundamental ou menos","Solteiro(a)","3","4","3","4","3","4","5","3","Raramente","Raramente","1x por mês","1x por mês","Raramente","1x por mês","1x por semana","Raramente"
"2020/06/09 8:20:21 PM GMT-3","De 18 a 24 anos","Ensino Médio completo","Solteiro(a)","5","3","2","4","4","4","5","3","Raramente","Raramente","1x por mês","2-3x por semana","Raramente","2-3x por semana","Raramente","Raramente"
"2020/06/09 8:20:38 PM GMT-3","De 18 a 24 anos","Ensino Médio completo","Solteiro(a)","5","3","2","4","4","4","5","3","Raramente","Raramente","1x por mês","2-3x por semana","Raramente","2-3x por semana","Raramente","Raramente"
"2020/06/09 8:20:50 PM GMT-3","Até 17 anos","Ensino Médio incompleto","Solteiro(a)","3","4","4","4","5","4","5","4","Raramente","Raramente","1x por mês","2-3x por semana","Raramente","1x por semana","Raramente","1x por semana"
"2020/06/09 8:20:58 PM GMT-3","De 18 a 24 anos","Ensino Superior incompleto","Solteiro(a)","3","3","5","5","5","5","5","4","Raramente","Raramente","Raramente","1x por semana","Raramente","4x por semana ou mais","4x por semana ou mais","4x por semana ou mais"
"2020/06/09 8:20:58 PM GMT-3","Até 17 anos","Ensino Médio incompleto","Solteiro(a)","4","3","2","4","4","5","5","4","Raramente","Raramente","1x por mês","1x por semana","Raramente","Raramente","Raramente","Raramente"
"2020/06/09 8:21:07 PM GMT-3","Até 17 anos","Ensino Médio incompleto","Solteiro(a)","4","4","4","5","2","4","4","4","Raramente","Raramente","4x por semana ou mais","1x por semana","Raramente","4x por semana ou mais","4x por semana ou mais","Raramente"
"2020/06/09 8:21:30 PM GMT-3","Até 17 anos","Ensino Médio incompleto","Solteiro(a)","5","5","5","4","3","4","5","5","Raramente","Raramente","Raramente","4x por semana ou mais","4x por semana ou mais","4x por semana ou mais","4x por semana ou mais","4x por semana ou mais"
"2020/06/09 8:21:30 PM GMT-3","De 18 a 24 anos","Ensino Superior incompleto","Solteiro(a)","5","2","5","4","1","3","5","4","Raramente","Raramente","Raramente","1x por mês","Raramente","1x por mês","1x por semana","1x por semana"
"2020/06/09 8:21:31 PM GMT-3","Até 17 anos","Ensino Médio incompleto","Solteiro(a)","4","4","5","5","3","5","5","4","Raramente","Raramente","1x por mês","4x por semana ou mais","1x por semana","4x por semana ou mais","2-3x por semana","4x por semana ou mais"
"2020/06/09 8:21:32 PM GMT-3","De 18 a 24 anos","Ensino Médio completo","Solteiro(a)","4","4","5","3","3","5","5","5","Raramente","Raramente","Raramente","1x por mês","Raramente","Raramente","1x por semana","Raramente"
"2020/06/09 8:21:39 PM GMT-3","De 18 a 24 anos","Ensino Superior incompleto","Solteiro(a)","3","2","4","5","5","5","3","2","4x por semana ou mais","4x por semana ou mais","4x por semana ou mais","4x por semana ou mais","Raramente","Raramente","4x por semana ou mais","4x por semana ou mais"
"2020/06/09 8:21:48 PM GMT-3","Até 17 anos","Ensino Médio incompleto","Solteiro(a)","4","3","4","4","3","3","5","3","Raramente","1x por mês","4x por semana ou mais","4x por semana ou mais","1x por mês","4x por semana ou mais","1x por semana","Raramente"
"2020/06/09 8:21:51 PM GMT-3","De 18 a 24 anos","Ensino Superior incompleto","Solteiro(a)","5","3","5","5","5","5","5","5","Raramente","Raramente","Raramente","4x por semana ou mais","Raramente","4x por semana ou mais","Raramente","2-3x por semana"
"2020/06/09 8:21:56 PM GMT-3","De 18 a 24 anos","Ensino Superior incompleto","Solteiro(a)","3","1","3","5","3","3","5","3","Raramente","Raramente","Raramente","4x por semana ou mais","Raramente","Raramente","1x por mês","4x por semana ou mais"
"2020/06/09 8:22:06 PM GMT-3","De 18 a 24 anos","Ensino Médio completo","Solteiro(a)","4","4","4","2","1","5","5","3","Raramente","Raramente","4x por semana ou mais","4x por semana ou mais","4x por semana ou mais","4x por semana ou mais","4x por semana ou mais","2-3x por semana"
"2020/06/09 8:22:09 PM GMT-3","De 18 a 24 anos","Ensino Médio completo","Solteiro(a)","5","2","4","4","5","4","4","3","4x por semana ou mais","1x por mês","4x por semana ou mais","4x por semana ou mais","Raramente","4x por semana ou mais","4x por semana ou mais","Raramente"
"2020/06/09 8:22:27 PM GMT-3","De 18 a 24 anos","Ensino Médio completo","Solteiro(a)","5","2","5","4","5","5","5","3","Raramente","Raramente","4x por semana ou mais","1x por semana","Raramente","4x por semana ou mais","2-3x por semana","1x por semana"
"2020/06/09 8:22:27 PM GMT-3","Até 17 anos","Ensino Médio completo","Solteiro(a)","5","3","5","4","3","5","4","4","Raramente","1x por mês","1x por mês","2-3x por semana","1x por mês","2-3x por semana","2-3x por semana","2-3x por semana"
"2020/06/09 8:22:29 PM GMT-3","De 18 a 24 anos","Ensino Médio completo","Solteiro(a)","5","4","3","4","4","4","5","3","Raramente","Raramente","Raramente","Raramente","Raramente","4x por semana ou mais","4x por semana ou mais","1x por semana"
"2020/06/09 8:22:58 PM GMT-3","Até 17 anos","Ensino Médio incompleto","Solteiro(a)","5","4","5","5","3","4","5","3","Raramente","Raramente","Raramente","Raramente","Raramente","4x por semana ou mais","Raramente","Raramente"
"2020/06/09 8:23:58 PM GMT-3","Até 17 anos","Ensino Fundamental ou menos","Solteiro(a)","5","3","4","3","3","5","5","5","Raramente","Raramente","1x por semana","4x por semana ou mais","Raramente","1x por mês","Raramente","1x por mês"
"2020/06/09 8:24:46 PM GMT-3","De 18 a 24 anos","Ensino Médio completo","Solteiro(a)","5","3","3","4","2","5","5","3","Raramente","Raramente","1x por mês","1x por mês","Raramente","2-3x por semana","2-3x por semana","2-3x por semana"
"2020/06/09 8:25:04 PM GMT-3","De 18 a 24 anos","Ensino Superior incompleto","Solteiro(a)","4","3","3","5","5","5","4","2","Raramente","Raramente","1x por mês","2-3x por semana","Raramente","4x por semana ou mais","4x por semana ou mais","2-3x por semana"
"2020/06/09 8:25:15 PM GMT-3","Até 17 anos","Ensino Médio incompleto","Solteiro(a)","2","4","1","4","3","5","5","4","Raramente","Raramente","1x por mês","4x por semana ou mais","2-3x por semana","4x por semana ou mais","2-3x por semana","2-3x por semana"
"2020/06/09 8:25:23 PM GMT-3","De 18 a 24 anos","Ensino Superior incompleto","Solteiro(a)","3","3","4","4","5","4","3","4","Raramente","Raramente","1x por semana","2-3x por semana","2-3x por semana","4x por semana ou mais","4x por semana ou mais","4x por semana ou mais"
"2020/06/09 8:25:45 PM GMT-3","Até 17 anos","Ensino Médio incompleto","Solteiro(a)","4","4","4","5","5","5","5","5","Raramente","Raramente","Raramente","1x por mês","Raramente","4x por semana ou mais","2-3x por semana","Raramente"
"2020/06/09 8:26:09 PM GMT-3","Até 17 anos","Ensino Médio incompleto","Solteiro(a)","5","3","3","5","2","4","5","3","Raramente","Raramente","4x por semana ou mais","1x por semana","1x por semana","4x por semana ou mais","2-3x por semana","1x por semana"
"2020/06/09 8:26:24 PM GMT-3","De 18 a 24 anos","Ensino Superior incompleto","Solteiro(a)","5","4","4","4","4","5","5","2","Raramente","Raramente","1x por mês","1x por mês","1x por mês","1x por semana","Raramente","Raramente"
"2020/06/09 8:26:32 PM GMT-3","De 18 a 24 anos","Ensino Superior incompleto","Solteiro(a)","5","3","1","5","5","4","5","5","Raramente","Raramente","4x por semana ou mais","1x por semana","Raramente","2-3x por semana","4x por semana ou mais","4x por semana ou mais"
"2020/06/09 8:26:41 PM GMT-3","De 18 a 24 anos","Ensino Superior incompleto","Solteiro(a)","5","3","3","2","4","5","5","5","Raramente","Raramente","Raramente","Raramente","Raramente","4x por semana ou mais","4x por semana ou mais","2-3x por semana"
"2020/06/09 8:26:44 PM GMT-3","Até 17 anos","Ensino Fundamental ou menos","Solteiro(a)","1","3","4","4","3","3","5","2","Raramente","1x por mês","Raramente","2-3x por semana","1x por mês","4x por semana ou mais","2-3x por semana","2-3x por semana"
"2020/06/09 8:26:56 PM GMT-3","De 18 a 24 anos","Ensino Superior incompleto","Solteiro(a)","4","3","4","5","3","4","5","3","Raramente","Raramente","4x por semana ou mais","4x por semana ou mais","Raramente","4x por semana ou mais","2-3x por semana","2-3x por semana"
"2020/06/09 8:27:50 PM GMT-3","Até 17 anos","Ensino Médio incompleto","Solteiro(a)","2","4","5","1","3","5","5","1","Raramente","Raramente","Raramente","4x por semana ou mais","1x por semana","2-3x por semana","4x por semana ou mais","2-3x por semana"
"2020/06/09 8:28:07 PM GMT-3","Até 17 anos","Ensino Médio incompleto","Solteiro(a)","1","5","5","3","3","5","5","5","1x por semana","1x por mês","4x por semana ou mais","4x por semana ou mais","Raramente","4x por semana ou mais","4x por semana ou mais","4x por semana ou mais"
"2020/06/09 8:28:33 PM GMT-3","De 25 a 35 anos","Ensino Médio completo","Solteiro(a)","4","2","5","5","4","5","5","4","Raramente","Raramente","Raramente","Raramente","Raramente","4x por semana ou mais","Raramente","1x por mês"
"2020/06/09 8:28:55 PM GMT-3","Até 17 anos","Ensino Fundamental ou menos","Solteiro(a)","4","3","2","3","4","5","4","2","Raramente","Raramente","Raramente","1x por semana","1x por mês","4x por semana ou mais","1x por mês","Raramente"
"2020/06/09 8:29:03 PM GMT-3","Até 17 anos","Ensino Médio incompleto","Solteiro(a)","3","2","4","2","3","4","5","1","Raramente","Raramente","1x por semana","4x por semana ou mais","1x por mês","2-3x por semana","2-3x por semana","1x por mês"
"2020/06/09 8:29:09 PM GMT-3","De 18 a 24 anos","Ensino Superior incompleto","Solteiro(a)","2","3","5","5","2","3","4","2","Raramente","Raramente","2-3x por semana","4x por semana ou mais","Raramente","Raramente","4x por semana ou mais","4x por semana ou mais"
"2020/06/09 8:29:17 PM GMT-3","Até 17 anos","Ensino Médio incompleto","Solteiro(a)","2","3","3","4","4","5","3","3","Raramente","Raramente","1x por mês","4x por semana ou mais","1x por mês","4x por semana ou mais","1x por mês","Raramente"
"2020/06/09 8:29:18 PM GMT-3","Até 17 anos","Ensino Fundamental ou menos","Solteiro(a)","5","5","4","4","2","4","5","4","Raramente","Raramente","1x por mês","4x por semana ou mais","1x por semana","4x por semana ou mais","2-3x por semana","Raramente"
"2020/06/09 8:29:54 PM GMT-3","De 18 a 24 anos","Ensino Superior completo","Solteiro(a)","5","3","5","4","4","5","5","2","Raramente","Raramente","Raramente","4x por semana ou mais","Raramente","4x por semana ou mais","4x por semana ou mais","4x por semana ou mais"
"2020/06/09 8:30:32 PM GMT-3","De 18 a 24 anos","Ensino Médio completo","Solteiro(a)","5","4","5","4","2","4","5","3","4x por semana ou mais","4x por semana ou mais","1x por semana","4x por semana ou mais","Raramente","4x por semana ou mais","2-3x por semana","2-3x por semana"
"2020/06/09 8:30:51 PM GMT-3","De 18 a 24 anos","Ensino Superior incompleto","Solteiro(a)","5","2","3","5","5","5","5","3","Raramente","Raramente","4x por semana ou mais","2-3x por semana","Raramente","4x por semana ou mais","2-3x por semana","2-3x por semana"
"2020/06/09 8:30:54 PM GMT-3","De 18 a 24 anos","Ensino Superior incompleto","Solteiro(a)","5","3","5","5","4","4","5","3","Raramente","Raramente","1x por semana","1x por semana","Raramente","4x por semana ou mais","1x por mês","Raramente"
"2020/06/09 8:30:54 PM GMT-3","De 18 a 24 anos","Ensino Superior incompleto","Solteiro(a)","5","3","3","5","5","5","5","3","Raramente","Raramente","Raramente","1x por mês","1x por mês","4x por semana ou mais","4x por semana ou mais","2-3x por semana"
"2020/06/09 8:31:07 PM GMT-3","De 18 a 24 anos","Ensino Superior incompleto","Solteiro(a)","2","3","4","4","4","4","5","3","Raramente","1x por mês","1x por semana","2-3x por semana","Raramente","Raramente","2-3x por semana","1x por semana"
"2020/06/09 8:31:25 PM GMT-3","De 18 a 24 anos","Ensino Médio incompleto","Solteiro(a)","4","5","3","5","5","5","5","3","Raramente","Raramente","1x por semana","4x por semana ou mais","Raramente","Raramente","1x por semana","2-3x por semana"
"2020/06/09 8:33:45 PM GMT-3","De 18 a 24 anos","Ensino Superior incompleto","Solteiro(a)","3","4","3","5","4","4","4","2","Raramente","Raramente","4x por semana ou mais","4x por semana ou mais","Raramente","4x por semana ou mais","4x por semana ou mais","1x por semana"
"2020/06/09 8:34:27 PM GMT-3","De 18 a 24 anos","Ensino Superior incompleto","Solteiro(a)","1","3","3","5","5","3","5","5","4x por semana ou mais","4x por semana ou mais","4x por semana ou mais","4x por semana ou mais","1x por semana","4x por semana ou mais","4x por semana ou mais","4x por semana ou mais"
"2020/06/09 8:35:21 PM GMT-3","Até 17 anos","Ensino Médio incompleto","Casado(a)","3","3","4","5","5","5","5","3","Raramente","1x por mês","4x por semana ou mais","2-3x por semana","1x por mês","4x por semana ou mais","2-3x por semana","4x por semana ou mais"
"2020/06/09 8:35:34 PM GMT-3","Até 17 anos","Ensino Médio incompleto","Solteiro(a)","5","2","5","5","5","4","5","2","1x por mês","1x por mês","4x por semana ou mais","4x por semana ou mais","Raramente","4x por semana ou mais","4x por semana ou mais","1x por semana"
"2020/06/09 8:36:22 PM GMT-3","De 18 a 24 anos","Ensino Superior incompleto","Solteiro(a)","1","5","5","5","4","5","5","5","1x por semana","1x por semana","4x por semana ou mais","4x por semana ou mais","1x por mês","2-3x por semana","1x por semana","4x por semana ou mais"
"2020/06/09 8:37:00 PM GMT-3","De 18 a 24 anos","Ensino Superior incompleto","Solteiro(a)","2","4","5","5","5","3","5","1","Raramente","Raramente","Raramente","Raramente","1x por semana","1x por semana","Raramente","2-3x por semana"
"2020/06/09 8:37:35 PM GMT-3","Até 17 anos","Ensino Médio incompleto","Solteiro(a)","3","2","4","4","4","4","5","2","Raramente","Raramente","Raramente","1x por semana","Raramente","Raramente","2-3x por semana","Raramente"
"2020/06/09 8:37:35 PM GMT-3","Até 17 anos","Ensino Médio incompleto","Solteiro(a)","1","4","5","5","3","4","4","3","Raramente","Raramente","4x por semana ou mais","4x por semana ou mais","2-3x por semana","4x por semana ou mais","2-3x por semana","2-3x por semana"
"2020/06/09 8:39:25 PM GMT-3","Até 17 anos","Ensino Médio incompleto","Solteiro(a)","2","3","4","1","4","5","5","4","Raramente","Raramente","Raramente","1x por mês","Raramente","4x por semana ou mais","2-3x por semana","1x por semana"
"2020/06/09 8:39:39 PM GMT-3","Até 17 anos","Ensino Médio incompleto","Solteiro(a)","2","4","5","5","4","5","5","3","Raramente","Raramente","4x por semana ou mais","4x por semana ou mais","Raramente","4x por semana ou mais","2-3x por semana","2-3x por semana"
"2020/06/09 8:40:54 PM GMT-3","De 18 a 24 anos","Ensino Superior incompleto","Solteiro(a)","5","2","5","5","1","5","5","3","Raramente","Raramente","4x por semana ou mais","1x por semana","Raramente","2-3x por semana","2-3x por semana","1x por semana"
"2020/06/09 8:41:27 PM GMT-3","Até 17 anos","Ensino Fundamental ou menos","Solteiro(a)","5","1","4","4","2","5","5","4","Raramente","Raramente","Raramente","1x por semana","Raramente","4x por semana ou mais","1x por semana","1x por mês"
"2020/06/09 8:43:28 PM GMT-3","De 36 a 50 anos","Pós-graduação","Casado(a)","5","5","4","3","5","5","5","3","Raramente","Raramente","1x por mês","Raramente","Raramente","2-3x por semana","2-3x por semana","2-3x por semana"
"2020/06/09 8:44:39 PM GMT-3","De 18 a 24 anos","Ensino Superior completo","Solteiro(a)","5","2","3","4","4","5","5","1","Raramente","Raramente","Raramente","Raramente","Raramente","2-3x por semana","2-3x por semana","2-3x por semana"
"2020/06/09 8:45:23 PM GMT-3","Até 17 anos","Ensino Médio incompleto","Solteiro(a)","5","4","5","5","3","5","5","2","Raramente","Raramente","1x por mês","1x por semana","1x por mês","1x por mês","1x por mês","Raramente"
"2020/06/09 8:46:11 PM GMT-3","Até 17 anos","Ensino Fundamental ou menos","Solteiro(a)","2","4","3","2","3","3","4","2","Raramente","Raramente","Raramente","4x por semana ou mais","4x por semana ou mais","Raramente","4x por semana ou mais","Raramente"
"2020/06/09 8:46:50 PM GMT-3","Até 17 anos","Ensino Médio incompleto","Solteiro(a)","4","3","5","3","2","5","5","3","Raramente","Raramente","2-3x por semana","2-3x por semana","Raramente","2-3x por semana","2-3x por semana","1x por mês"
"2020/06/09 8:47:17 PM GMT-3","De 36 a 50 anos","Pós-graduação","Casado(a)","3","3","2","5","5","5","5","4","Raramente","Raramente","Raramente","2-3x por semana","Raramente","1x por mês","4x por semana ou mais","4x por semana ou mais"
"2020/06/09 8:48:33 PM GMT-3","Até 17 anos","Ensino Médio completo","Solteiro(a)","3","2","5","3","4","4","4","2","Raramente","Raramente","4x por semana ou mais","2-3x por semana","Raramente","1x por semana","4x por semana ou mais","1x por semana"
"2020/06/09 8:49:02 PM GMT-3","De 18 a 24 anos","Ensino Superior incompleto","Solteiro(a)","5","3","5","4","3","3","5","4","Raramente","Raramente","Raramente","1x por semana","1x por semana","4x por semana ou mais","4x por semana ou mais","4x por semana ou mais"
"2020/06/09 8:49:12 PM GMT-3","De 18 a 24 anos","Ensino Médio completo","Solteiro(a)","4","5","5","5","5","5","5","5","Raramente","Raramente","2-3x por semana","1x por semana","1x por semana","2-3x por semana","2-3x por semana","1x por semana"
"2020/06/09 8:50:23 PM GMT-3","De 18 a 24 anos","Ensino Médio completo","Solteiro(a)","2","4","5","4","5","5","5","3","Raramente","4x por semana ou mais","4x por semana ou mais","4x por semana ou mais","Raramente","2-3x por semana","4x por semana ou mais","2-3x por semana"
"2020/06/09 8:52:40 PM GMT-3","De 18 a 24 anos","Ensino Médio completo","Solteiro(a)","3","3","3","5","5","3","3","5","Raramente","Raramente","1x por semana","4x por semana ou mais","Raramente","4x por semana ou mais","4x por semana ou mais","1x por semana"
"2020/06/09 8:54:21 PM GMT-3","De 18 a 24 anos","Ensino Médio completo","Solteiro(a)","3","3","5","5","5","5","5","5","Raramente","Raramente","Raramente","Raramente","Raramente","Raramente","Raramente","Raramente"
"2020/06/09 8:57:04 PM GMT-3","De 18 a 24 anos","Ensino Superior incompleto","Solteiro(a)","5","4","3","1","3","5","4","3","4x por semana ou mais","4x por semana ou mais","1x por mês","2-3x por semana","Raramente","4x por semana ou mais","2-3x por semana","2-3x por semana"
"2020/06/09 8:57:32 PM GMT-3","Até 17 anos","Ensino Médio incompleto","Solteiro(a)","3","3","4","5","4","5","5","4","Raramente","Raramente","4x por semana ou mais","2-3x por semana","Raramente","4x por semana ou mais","4x por semana ou mais","2-3x por semana"
"2020/06/09 8:57:54 PM GMT-3","Até 17 anos","Ensino Médio incompleto","Solteiro(a)","5","3","5","5","5","5","5","3","Raramente","Raramente","4x por semana ou mais","4x por semana ou mais","Raramente","4x por semana ou mais","4x por semana ou mais","Raramente"
"2020/06/09 8:59:23 PM GMT-3","Até 17 anos","Ensino Médio incompleto","Solteiro(a)","1","3","5","5","3","2","4","4","1x por mês","1x por mês","1x por mês","2-3x por semana","Raramente","2-3x por semana","2-3x por semana","1x por mês"
"2020/06/09 9:00:15 PM GMT-3","Até 17 anos","Ensino Médio incompleto","Casado(a)","4","1","3","5","5","5","5","4","Raramente","Raramente","2-3x por semana","4x por semana ou mais","Raramente","4x por semana ou mais","2-3x por semana","1x por semana"
"2020/06/09 9:02:45 PM GMT-3","De 18 a 24 anos","Ensino Médio completo","Solteiro(a)","5","3","5","3","2","5","5","5","Raramente","Raramente","2-3x por semana","4x por semana ou mais","4x por semana ou mais","Raramente","2-3x por semana","1x por semana"
"2020/06/09 9:03:04 PM GMT-3","De 18 a 24 anos","Ensino Superior incompleto","Solteiro(a)","4","3","5","5","4","1","1","2","Raramente","Raramente","4x por semana ou mais","4x por semana ou mais","Raramente","4x por semana ou mais","4x por semana ou mais","2-3x por semana"
"2020/06/09 9:04:31 PM GMT-3","Até 17 anos","Ensino Médio incompleto","Solteiro(a)","1","3","5","5","5","3","5","5","Raramente","4x por semana ou mais","4x por semana ou mais","4x por semana ou mais","Raramente","4x por semana ou mais","4x por semana ou mais","2-3x por semana"
"2020/06/09 9:04:58 PM GMT-3","Até 17 anos","Ensino Fundamental ou menos","Solteiro(a)","2","3","3","5","2","4","5","1","Raramente","Raramente","2-3x por semana","4x por semana ou mais","Raramente","Raramente","4x por semana ou mais","Raramente"
"2020/06/09 9:07:39 PM GMT-3","De 18 a 24 anos","Ensino Médio completo","Solteiro(a)","5","4","5","5","5","3","5","3","1x por mês","Raramente","Raramente","Raramente","Raramente","4x por semana ou mais","Raramente","2-3x por semana"
"2020/06/09 9:09:54 PM GMT-3","Até 17 anos","Ensino Médio incompleto","Casado(a)","5","4","4","4","4","4","5","4","Raramente","Raramente","Raramente","1x por mês","Raramente","Raramente","1x por mês","Raramente"
"2020/06/09 9:09:54 PM GMT-3","De 18 a 24 anos","Ensino Superior incompleto","Solteiro(a)","1","3","5","5","5","5","5","5","4x por semana ou mais","4x por semana ou mais","4x por semana ou mais","4x por semana ou mais","Raramente","4x por semana ou mais","4x por semana ou mais","4x por semana ou mais"
"2020/06/09 9:17:04 PM GMT-3","Até 17 anos","Ensino Médio completo","Solteiro(a)","4","3","5","5","4","4","5","3","Raramente","Raramente","Raramente","4x por semana ou mais","4x por semana ou mais","4x por semana ou mais","Raramente","4x por semana ou mais"
"2020/06/09 9:19:09 PM GMT-3","De 18 a 24 anos","Ensino Médio completo","Solteiro(a)","2","3","5","5","5","5","5","1","Raramente","Raramente","1x por mês","4x por semana ou mais","1x por mês","Raramente","2-3x por semana","4x por semana ou mais"
"2020/06/09 9:28:29 PM GMT-3","De 18 a 24 anos","Ensino Médio completo","Solteiro(a)","2","4","5","4","3","5","5","4","Raramente","Raramente","4x por semana ou mais","2-3x por semana","1x por semana","4x por semana ou mais","4x por semana ou mais","4x por semana ou mais"
"2020/06/09 9:33:34 PM GMT-3","Até 17 anos","Ensino Médio incompleto","Solteiro(a)","4","3","2","5","5","3","5","4","Raramente","Raramente","Raramente","Raramente","Raramente","1x por semana","Raramente","1x por semana"
"2020/06/09 9:33:51 PM GMT-3","De 25 a 35 anos","Ensino Superior incompleto","Solteiro(a)","5","3","5","5","4","3","3","4","Raramente","Raramente","1x por mês","1x por semana","1x por semana","1x por semana","1x por semana","1x por semana"
"2020/06/09 9:34:37 PM GMT-3","De 18 a 24 anos","Ensino Superior incompleto","Solteiro(a)","5","4","5","4","3","5","5","3","2-3x por semana","1x por semana","4x por semana ou mais","4x por semana ou mais","Raramente","4x por semana ou mais","4x por semana ou mais","4x por semana ou mais"
"2020/06/09 9:34:39 PM GMT-3","De 18 a 24 anos","Ensino Superior incompleto","Solteiro(a)","1","3","5","5","2","5","5","2","Raramente","Raramente","1x por mês","4x por semana ou mais","Raramente","4x por semana ou mais","4x por semana ou mais","2-3x por semana"
"2020/06/09 9:34:54 PM GMT-3","De 18 a 24 anos","Ensino Superior incompleto","Solteiro(a)","3","4","2","5","4","4","5","1","Raramente","4x por semana ou mais","4x por semana ou mais","4x por semana ou mais","Raramente","4x por semana ou mais","4x por semana ou mais","4x por semana ou mais"
"2020/06/09 9:36:31 PM GMT-3","Até 17 anos","Ensino Médio completo","Solteiro(a)","5","3","4","5","5","5","5","5","Raramente","Raramente","4x por semana ou mais","2-3x por semana","Raramente","4x por semana ou mais","2-3x por semana","2-3x por semana"
"2020/06/09 9:40:07 PM GMT-3","Até 17 anos","Ensino Médio incompleto","Solteiro(a)","5","4","3","5","4","3","5","2","Raramente","Raramente","Raramente","4x por semana ou mais","Raramente","4x por semana ou mais","2-3x por semana","1x por semana"
"2020/06/09 9:41:52 PM GMT-3","De 18 a 24 anos","Ensino Médio completo","Solteiro(a)","4","3","2","5","5","5","5","2","4x por semana ou mais","Raramente","4x por semana ou mais","Raramente","Raramente","4x por semana ou mais","4x por semana ou mais","Raramente"
"2020/06/09 9:42:35 PM GMT-3","Até 17 anos","Ensino Médio incompleto","Solteiro(a)","5","2","2","3","3","3","4","3","Raramente","Raramente","Raramente","4x por semana ou mais","Raramente","4x por semana ou mais","4x por semana ou mais","Raramente"
"2020/06/09 9:47:13 PM GMT-3","Até 17 anos","Ensino Médio incompleto","Solteiro(a)","2","2","3","5","5","4","4","3","Raramente","Raramente","1x por mês","4x por semana ou mais","Raramente","4x por semana ou mais","4x por semana ou mais","1x por mês"
"2020/06/09 9:50:50 PM GMT-3","Até 17 anos","Ensino Fundamental ou menos","Solteiro(a)","1","3","5","4","3","5","4","3","Raramente","Raramente","Raramente","1x por semana","1x por mês","2-3x por semana","1x por semana","Raramente"
"2020/06/09 9:50:56 PM GMT-3","Até 17 anos","Ensino Médio incompleto","Solteiro(a)","5","1","5","5","5","5","5","3","Raramente","1x por mês","2-3x por semana","4x por semana ou mais","Raramente","4x por semana ou mais","Raramente","Raramente"
"2020/06/09 9:51:42 PM GMT-3","Até 17 anos","Ensino Médio incompleto","Solteiro(a)","5","5","2","4","4","5","5","2","Raramente","Raramente","Raramente","2-3x por semana","Raramente","4x por semana ou mais","4x por semana ou mais","2-3x por semana"
"2020/06/09 9:52:06 PM GMT-3","Até 17 anos","Ensino Médio incompleto","Solteiro(a)","5","4","3","5","3","5","5","3","Raramente","Raramente","1x por mês","1x por semana","Raramente","4x por semana ou mais","1x por semana","1x por semana"
"2020/06/09 9:52:53 PM GMT-3","De 18 a 24 anos","Ensino Superior incompleto","Solteiro(a)","5","3","3","5","3","4","5","3","Raramente","4x por semana ou mais","4x por semana ou mais","4x por semana ou mais","Raramente","Raramente","4x por semana ou mais","4x por semana ou mais"
"2020/06/09 9:58:07 PM GMT-3","Até 17 anos","Ensino Médio incompleto","Solteiro(a)","5","2","5","3","4","5","5","5","Raramente","Raramente","1x por mês","2-3x por semana","Raramente","4x por semana ou mais","2-3x por semana","1x por mês"
"2020/06/09 10:01:28 PM GMT-3","Até 17 anos","Ensino Médio incompleto","Solteiro(a)","5","5","2","5","1","4","5","4","Raramente","4x por semana ou mais","Raramente","1x por semana","Raramente","4x por semana ou mais","2-3x por semana","1x por mês"
"2020/06/09 10:01:53 PM GMT-3","Até 17 anos","Ensino Médio incompleto","Solteiro(a)","3","2","2","4","3","4","5","2","Raramente","Raramente","Raramente","1x por semana","Raramente","4x por semana ou mais","2-3x por semana","1x por semana"
"2020/06/09 10:04:40 PM GMT-3","De 18 a 24 anos","Ensino Superior completo","Solteiro(a)","3","3","5","4","5","5","5","4","Raramente","1x por mês","4x por semana ou mais","1x por semana","Raramente","4x por semana ou mais","Raramente","4x por semana ou mais"
"2020/06/09 10:04:46 PM GMT-3","Até 17 anos","Ensino Fundamental ou menos","Solteiro(a)","5","4","5","4","4","5","5","3","Raramente","Raramente","Raramente","2-3x por semana","1x por semana","4x por semana ou mais","2-3x por semana","1x por mês"
"2020/06/09 10:05:23 PM GMT-3","Até 17 anos","Ensino Médio incompleto","Solteiro(a)","5","1","1","4","5","3","4","2","Raramente","Raramente","1x por mês","Raramente","1x por mês","1x por semana","1x por semana","1x por semana"
"2020/06/09 10:07:20 PM GMT-3","De 18 a 24 anos","Ensino Médio completo","Solteiro(a)","2","5","5","4","3","3","5","3","Raramente","Raramente","Raramente","2-3x por semana","Raramente","4x por semana ou mais","2-3x por semana","2-3x por semana"
"2020/06/09 10:12:10 PM GMT-3","De 18 a 24 anos","Ensino Médio completo","Solteiro(a)","1","3","5","3","5","5","5","3","Raramente","1x por mês","4x por semana ou mais","4x por semana ou mais","Raramente","4x por semana ou mais","4x por semana ou mais","Raramente"
"2020/06/09 10:14:03 PM GMT-3","Até 17 anos","Ensino Médio incompleto","Solteiro(a)","5","5","4","3","3","4","5","3","Raramente","Raramente","Raramente","4x por semana ou mais","Raramente","4x por semana ou mais","2-3x por semana","1x por mês"
"2020/06/09 10:16:36 PM GMT-3","Até 17 anos","Ensino Médio incompleto","Solteiro(a)","3","2","5","5","4","5","5","3","Raramente","Raramente","Raramente","1x por mês","Raramente","Raramente","2-3x por semana","Raramente"
"2020/06/09 10:18:02 PM GMT-3","De 18 a 24 anos","Ensino Superior incompleto","Solteiro(a)","5","5","5","5","3","5","5","4","Raramente","Raramente","4x por semana ou mais","2-3x por semana","2-3x por semana","4x por semana ou mais","4x por semana ou mais","2-3x por semana"
"2020/06/09 10:22:11 PM GMT-3","Até 17 anos","Ensino Médio incompleto","Solteiro(a)","4","3","3","5","4","5","5","5","Raramente","Raramente","1x por mês","1x por mês","Raramente","1x por mês","1x por mês","Raramente"
"2020/06/09 10:24:28 PM GMT-3","De 18 a 24 anos","Ensino Superior incompleto","Solteiro(a)","2","3","4","4","4","4","5","3","Raramente","1x por mês","1x por semana","2-3x por semana","Raramente","Raramente","2-3x por semana","1x por semana"
"2020/06/09 10:24:52 PM GMT-3","De 36 a 50 anos","Pós-graduação","Solteiro(a)","5","4","3","3","4","3","3","4","Raramente","4x por semana ou mais","Raramente","4x por semana ou mais","4x por semana ou mais","Raramente","Raramente","Raramente"
"2020/06/09 10:25:29 PM GMT-3","Até 17 anos","Ensino Médio incompleto","Solteiro(a)","5","3","5","4","4","5","5","4","Raramente","Raramente","4x por semana ou mais","1x por mês","Raramente","4x por semana ou mais","1x por mês","1x por mês"
"2020/06/09 10:28:37 PM GMT-3","Até 17 anos","Ensino Médio incompleto","Solteiro(a)","4","3","3","3","3","2","5","2","Raramente","Raramente","Raramente","Raramente","Raramente","4x por semana ou mais","2-3x por semana","1x por semana"
"2020/06/09 10:35:55 PM GMT-3","De 18 a 24 anos","Ensino Médio completo","Solteiro(a)","5","3","3","4","3","5","5","5","Raramente","Raramente","2-3x por semana","2-3x por semana","2-3x por semana","2-3x por semana","2-3x por semana","2-3x por semana"
"2020/06/09 10:37:43 PM GMT-3","De 18 a 24 anos","Ensino Médio incompleto","Solteiro(a)","3","5","5","3","3","5","5","1","Raramente","Raramente","Raramente","4x por semana ou mais","4x por semana ou mais","1x por semana","4x por semana ou mais","2-3x por semana"
"2020/06/09 10:40:18 PM GMT-3","De 36 a 50 anos","Ensino Médio completo","Divorciado(a)","5","3","4","5","5","5","5","5","Raramente","Raramente","Raramente","4x por semana ou mais","Raramente","2-3x por semana","1x por mês","1x por mês"
"2020/06/09 10:43:12 PM GMT-3","Até 17 anos","Ensino Médio incompleto","Solteiro(a)","3","3","3","4","3","5","5","4","Raramente","Raramente","Raramente","2-3x por semana","Raramente","2-3x por semana","2-3x por semana","1x por mês"
"2020/06/09 10:47:24 PM GMT-3","De 25 a 35 anos","Ensino Superior completo","Solteiro(a)","5","1","4","5","5","5","5","5","Raramente","Raramente","Raramente","1x por semana","Raramente","1x por mês","1x por semana","Raramente"
"2020/06/09 10:47:54 PM GMT-3","Até 17 anos","Ensino Médio incompleto","Solteiro(a)","1","3","5","5","4","5","5","3","Raramente","Raramente","4x por semana ou mais","2-3x por semana","Raramente","Raramente","2-3x por semana","1x por semana"
"2020/06/09 10:49:05 PM GMT-3","De 18 a 24 anos","Ensino Médio completo","Solteiro(a)","1","5","5","4","3","5","5","5","Raramente","Raramente","Raramente","1x por semana","Raramente","2-3x por semana","2-3x por semana","1x por semana"
"2020/06/09 10:49:17 PM GMT-3","Até 17 anos","Ensino Fundamental ou menos","Casado(a)","5","4","5","5","5","5","5","5","Raramente","Raramente","Raramente","2-3x por semana","Raramente","2-3x por semana","1x por mês","2-3x por semana"
"2020/06/09 10:49:24 PM GMT-3","De 36 a 50 anos","Ensino Superior completo","Casado(a)","5","3","1","5","5","5","5","5","Raramente","Raramente","Raramente","4x por semana ou mais","Raramente","4x por semana ou mais","2-3x por semana","Raramente"
"2020/06/09 10:55:35 PM GMT-3","De 18 a 24 anos","Ensino Médio completo","Solteiro(a)","1","3","4","4","3","2","4","4","1x por semana","Raramente","2-3x por semana","4x por semana ou mais","Raramente","4x por semana ou mais","4x por semana ou mais","4x por semana ou mais"
"2020/06/09 11:07:44 PM GMT-3","Até 17 anos","Ensino Médio incompleto","Solteiro(a)","5","4","4","5","5","5","5","4","Raramente","Raramente","Raramente","Raramente","Raramente","Raramente","Raramente","Raramente"
"2020/06/09 11:10:58 PM GMT-3","De 18 a 24 anos","Ensino Médio completo","Solteiro(a)","5","3","4","5","5","5","5","5","Raramente","Raramente","4x por semana ou mais","4x por semana ou mais","Raramente","Raramente","Raramente","4x por semana ou mais"
"2020/06/09 11:25:52 PM GMT-3","Até 17 anos","Ensino Superior incompleto","Solteiro(a)","2","3","5","2","4","5","5","2","Raramente","Raramente","4x por semana ou mais","4x por semana ou mais","Raramente","4x por semana ou mais","2-3x por semana","2-3x por semana"
"2020/06/09 11:30:14 PM GMT-3","Até 17 anos","Ensino Médio incompleto","Solteiro(a)","5","2","4","5","3","4","5","5","Raramente","Raramente","Raramente","1x por semana","Raramente","1x por semana","1x por mês","1x por mês"
"2020/06/09 11:46:45 PM GMT-3","Até 17 anos","Ensino Médio incompleto","Solteiro(a)","5","3","4","5","4","4","5","3","Raramente","Raramente","Raramente","4x por semana ou mais","Raramente","4x por semana ou mais","2-3x por semana","1x por semana"
"2020/06/10 12:11:01 AM GMT-3","Até 17 anos","Ensino Médio incompleto","Solteiro(a)","1","4","5","5","3","4","5","5","Raramente","Raramente","Raramente","1x por mês","Raramente","Raramente","1x por semana","1x por semana"
"2020/06/10 12:13:48 AM GMT-3","Até 17 anos","Ensino Médio completo","Solteiro(a)","5","3","5","5","5","5","5","3","1x por mês","Raramente","4x por semana ou mais","4x por semana ou mais","Raramente","4x por semana ou mais","4x por semana ou mais","Raramente"
"2020/06/10 12:14:00 AM GMT-3","Até 17 anos","Ensino Médio incompleto","Solteiro(a)","5","2","3","3","5","4","5","4","Raramente","4x por semana ou mais","4x por semana ou mais","4x por semana ou mais","Raramente","4x por semana ou mais","4x por semana ou mais","1x por semana"
"2020/06/10 12:31:27 AM GMT-3","De 18 a 24 anos","Ensino Superior incompleto","Solteiro(a)","2","3","4","4","4","4","5","3","Raramente","1x por mês","1x por semana","2-3x por semana","Raramente","Raramente","2-3x por semana","1x por semana"
"2020/06/10 12:43:24 AM GMT-3","De 18 a 24 anos","Ensino Médio completo","Solteiro(a)","1","3","4","1","1","4","4","2","Raramente","1x por semana","1x por semana","1x por semana","Raramente","Raramente","Raramente","1x por semana"
"2020/06/10 12:57:10 AM GMT-3","Até 17 anos","Ensino Médio incompleto","Solteiro(a)","2","4","4","3","5","5","5","2","Raramente","Raramente","2-3x por semana","2-3x por semana","Raramente","4x por semana ou mais","Raramente","1x por semana"
"2020/06/10 12:59:00 AM GMT-3","De 18 a 24 anos","Ensino Superior incompleto","Solteiro(a)","5","2","4","5","5","5","5","5","Raramente","Raramente","4x por semana ou mais","4x por semana ou mais","Raramente","Raramente","4x por semana ou mais","1x por semana"
"2020/06/10 1:03:03 AM GMT-3","De 18 a 24 anos","Ensino Médio completo","Solteiro(a)","1","3","5","5","5","3","5","2","Raramente","Raramente","Raramente","1x por semana","1x por semana","Raramente","1x por semana","1x por semana"
"2020/06/10 1:18:24 AM GMT-3","Até 17 anos","Ensino Médio incompleto","Solteiro(a)","4","4","4","5","3","4","5","4","Raramente","Raramente","4x por semana ou mais","4x por semana ou mais","1x por mês","1x por mês","4x por semana ou mais","2-3x por semana"
"2020/06/10 1:40:24 AM GMT-3","De 18 a 24 anos","Ensino Médio completo","Solteiro(a)","4","3","2","5","5","5","5","2","4x por semana ou mais","Raramente","4x por semana ou mais","Raramente","Raramente","4x por semana ou mais","4x por semana ou mais","Raramente"
"2020/06/10 1:49:23 AM GMT-3","De 18 a 24 anos","Ensino Superior incompleto","Solteiro(a)","3","3","5","5","5","5","5","3","Raramente","Raramente","Raramente","4x por semana ou mais","4x por semana ou mais","1x por mês","1x por semana","2-3x por semana"
"2020/06/10 2:01:21 AM GMT-3","Até 17 anos","Ensino Médio incompleto","Solteiro(a)","5","3","4","5","4","3","5","3","1x por mês","1x por mês","2-3x por semana","2-3x por semana","Raramente","4x por semana ou mais","2-3x por semana","2-3x por semana"
"2020/06/10 2:39:44 AM GMT-3","De 18 a 24 anos","Ensino Médio completo","Solteiro(a)","5","3","5","2","4","4","5","5","Raramente","Raramente","1x por mês","4x por semana ou mais","Raramente","Raramente","4x por semana ou mais","1x por mês"
"2020/06/10 4:32:57 AM GMT-3","De 36 a 50 anos","Pós-graduação","Solteiro(a)","5","4","3","3","4","3","3","4","Raramente","4x por semana ou mais","Raramente","4x por semana ou mais","4x por semana ou mais","Raramente","Raramente","Raramente"
"2020/06/10 7:33:45 AM GMT-3","De 25 a 35 anos","Pós-graduação","Solteiro(a)","5","4","2","5","4","5","5","3","Raramente","Raramente","Raramente","Raramente","Raramente","Raramente","1x por semana","2-3x por semana"
"2020/06/10 8:35:20 AM GMT-3","De 18 a 24 anos","Ensino Superior incompleto","Solteiro(a)","5","5","4","5","5","5","5","4","Raramente","4x por semana ou mais","Raramente","4x por semana ou mais","Raramente","4x por semana ou mais","4x por semana ou mais","4x por semana ou mais"
"2020/06/10 8:49:29 AM GMT-3","De 18 a 24 anos","Ensino Superior incompleto","Solteiro(a)","3","4","5","5","1","5","5","3","Raramente","Raramente","Raramente","Raramente","Raramente","Raramente","Raramente","2-3x por semana"
"2020/06/10 9:40:50 AM GMT-3","A partir de 51 anos","Ensino Médio completo","Viúvo(a)","5","1","4","3","3","1","4","4","Raramente","1x por mês","1x por semana","1x por mês","1x por semana","1x por semana","1x por semana","1x por semana"
"2020/06/10 10:45:53 AM GMT-3","De 18 a 24 anos","Ensino Superior completo","Solteiro(a)","3","4","5","3","2","5","5","5","4x por semana ou mais","4x por semana ou mais","4x por semana ou mais","4x por semana ou mais","1x por semana","4x por semana ou mais","1x por semana","4x por semana ou mais"
"2020/06/10 10:52:39 AM GMT-3","De 25 a 35 anos","Ensino Superior completo","Casado(a)","5","4","4","5","5","4","5","4","2-3x por semana","2-3x por semana","2-3x por semana","2-3x por semana","Raramente","4x por semana ou mais","4x por semana ou mais","Raramente"
"2020/06/10 10:53:01 AM GMT-3","De 25 a 35 anos","Ensino Superior incompleto","Casado(a)","1","2","2","5","5","5","5","5","Raramente","Raramente","Raramente","4x por semana ou mais","4x por semana ou mais","4x por semana ou mais","4x por semana ou mais","4x por semana ou mais"
"2020/06/10 10:55:58 AM GMT-3","De 36 a 50 anos","Ensino Superior completo","Solteiro(a)","1","5","3","3","2","4","5","4","Raramente","1x por mês","Raramente","2-3x por semana","Raramente","4x por semana ou mais","4x por semana ou mais","4x por semana ou mais"
"2020/06/10 10:56:22 AM GMT-3","De 36 a 50 anos","Ensino Superior completo","Casado(a)","5","3","1","5","5","5","5","3","Raramente","Raramente","Raramente","2-3x por semana","Raramente","4x por semana ou mais","4x por semana ou mais","2-3x por semana"
"2020/06/10 11:00:50 AM GMT-3","De 25 a 35 anos","Pós-graduação","Casado(a)","5","4","2","4","2","4","5","3","Raramente","Raramente","Raramente","1x por mês","Raramente","4x por semana ou mais","2-3x por semana","1x por mês"
"2020/06/10 11:01:19 AM GMT-3","A partir de 51 anos","Pós-graduação","Casado(a)","5","5","3","4","3","5","5","5","Raramente","Raramente","1x por mês","1x por semana","1x por mês","4x por semana ou mais","4x por semana ou mais","Raramente"
"2020/06/10 11:01:55 AM GMT-3","De 25 a 35 anos","Ensino Superior completo","Casado(a)","5","3","4","3","3","5","5","4","Raramente","Raramente","Raramente","1x por semana","Raramente","4x por semana ou mais","4x por semana ou mais","4x por semana ou mais"
"2020/06/10 11:01:56 AM GMT-3","De 36 a 50 anos","Pós-graduação","Casado(a)","5","3","1","4","4","5","5","4","Raramente","1x por mês","Raramente","2-3x por semana","Raramente","2-3x por semana","2-3x por semana","Raramente"
"2020/06/10 11:02:20 AM GMT-3","De 25 a 35 anos","Pós-graduação","Solteiro(a)","3","4","5","5","5","4","5","4","Raramente","Raramente","Raramente","2-3x por semana","Raramente","2-3x por semana","2-3x por semana","1x por semana"
"2020/06/10 11:03:12 AM GMT-3","De 36 a 50 anos","Ensino Superior completo","Solteiro(a)","5","4","5","4","3","3","5","3","Raramente","Raramente","1x por semana","1x por mês","Raramente","1x por semana","1x por semana","Raramente"
"2020/06/10 11:03:33 AM GMT-3","De 36 a 50 anos","Pós-graduação","Casado(a)","5","3","2","4","4","4","5","4","Raramente","1x por mês","1x por mês","2-3x por semana","Raramente","2-3x por semana","2-3x por semana","1x por semana"
"2020/06/10 11:04:12 AM GMT-3","A partir de 51 anos","Ensino Superior incompleto","Casado(a)","5","3","3","5","5","5","5","5","Raramente","Raramente","Raramente","1x por semana","Raramente","4x por semana ou mais","4x por semana ou mais","2-3x por semana"
"2020/06/10 11:05:31 AM GMT-3","De 25 a 35 anos","Ensino Superior completo","Casado(a)","5","2","1","5","5","5","5","5","Raramente","Raramente","Raramente","Raramente","Raramente","4x por semana ou mais","2-3x por semana","4x por semana ou mais"
"2020/06/10 11:05:44 AM GMT-3","De 36 a 50 anos","Ensino Superior completo","Divorciado(a)","5","3","5","1","2","5","4","2","Raramente","Raramente","1x por mês","1x por mês","Raramente","1x por semana","1x por mês","Raramente"
"2020/06/10 11:05:48 AM GMT-3","A partir de 51 anos","Pós-graduação","Divorciado(a)","4","4","5","5","5","5","5","5","1x por semana","1x por semana","Raramente","1x por semana","Raramente","2-3x por semana","2-3x por semana","4x por semana ou mais"
"2020/06/10 11:07:42 AM GMT-3","De 25 a 35 anos","Ensino Superior completo","Solteiro(a)","2","3","4","5","5","5","5","5","Raramente","Raramente","Raramente","2-3x por semana","1x por semana","Raramente","2-3x por semana","1x por semana"
"2020/06/10 11:11:18 AM GMT-3","A partir de 51 anos","Ensino Superior incompleto","Casado(a)","3","3","3","5","5","5","5","5","Raramente","Raramente","Raramente","4x por semana ou mais","Raramente","4x por semana ou mais","4x por semana ou mais","4x por semana ou mais"
"2020/06/10 11:12:52 AM GMT-3","De 36 a 50 anos","Ensino Superior completo","Casado(a)","5","3","4","5","4","4","5","5","Raramente","Raramente","Raramente","1x por semana","Raramente","2-3x por semana","1x por semana","2-3x por semana"
"2020/06/10 11:13:44 AM GMT-3","A partir de 51 anos","Ensino Superior completo","Casado(a)","5","3","4","5","4","5","5","5","Raramente","Raramente","Raramente","Raramente","Raramente","1x por semana","1x por semana","Raramente"
"2020/06/10 11:13:52 AM GMT-3","De 18 a 24 anos","Ensino Superior incompleto","Solteiro(a)","3","4","5","5","4","5","5","4","Raramente","Raramente","1x por semana","4x por semana ou mais","Raramente","4x por semana ou mais","2-3x por semana","2-3x por semana"
"2020/06/10 11:15:58 AM GMT-3","De 25 a 35 anos","Pós-graduação","Casado(a)","5","3","1","5","5","5","5","5","Raramente","Raramente","Raramente","1x por mês","Raramente","2-3x por semana","Raramente","2-3x por semana"
"2020/06/10 11:16:39 AM GMT-3","De 25 a 35 anos","Ensino Superior completo","Solteiro(a)","1","5","2","3","4","5","5","3","Raramente","Raramente","Raramente","1x por mês","Raramente","4x por semana ou mais","4x por semana ou mais","2-3x por semana"
"2020/06/10 11:16:51 AM GMT-3","De 36 a 50 anos","Pós-graduação","Casado(a)","2","3","2","3","3","4","4","4","Raramente","Raramente","Raramente","4x por semana ou mais","Raramente","4x por semana ou mais","4x por semana ou mais","1x por mês"
"2020/06/10 11:17:46 AM GMT-3","De 36 a 50 anos","Ensino Superior completo","Casado(a)","5","1","1","5","5","5","5","3","Raramente","Raramente","Raramente","4x por semana ou mais","Raramente","4x por semana ou mais","4x por semana ou mais","1x por semana"
"2020/06/10 11:25:19 AM GMT-3","De 25 a 35 anos","Ensino Superior completo","Casado(a)","4","3","4","5","5","5","5","5","Raramente","Raramente","Raramente","2-3x por semana","Raramente","2-3x por semana","2-3x por semana","1x por semana"
"2020/06/10 11:28:53 AM GMT-3","De 36 a 50 anos","Ensino Médio completo","Divorciado(a)","3","3","3","3","3","5","5","5","Raramente","Raramente","4x por semana ou mais","1x por semana","Raramente","4x por semana ou mais","2-3x por semana","Raramente"
"2020/06/10 11:28:59 AM GMT-3","De 36 a 50 anos","Ensino Superior completo","Casado(a)","1","3","3","3","3","3","5","3","Raramente","Raramente","Raramente","4x por semana ou mais","Raramente","4x por semana ou mais","4x por semana ou mais","2-3x por semana"
"2020/06/10 11:35:35 AM GMT-3","De 36 a 50 anos","Ensino Superior completo","Casado(a)","5","3","5","3","5","5","5","5","Raramente","Raramente","Raramente","1x por mês","Raramente","2-3x por semana","2-3x por semana","1x por semana"
"2020/06/10 11:39:26 AM GMT-3","De 36 a 50 anos","Ensino Superior completo","Casado(a)","1","3","3","3","3","3","5","3","Raramente","Raramente","Raramente","4x por semana ou mais","Raramente","4x por semana ou mais","4x por semana ou mais","2-3x por semana"
"2020/06/10 11:40:40 AM GMT-3","A partir de 51 anos","Ensino Médio incompleto","Casado(a)","5","4","5","5","5","5","5","5","Raramente","Raramente","Raramente","4x por semana ou mais","Raramente","Raramente","4x por semana ou mais","1x por semana"
"2020/06/10 11:51:55 AM GMT-3","De 25 a 35 anos","Ensino Superior completo","Solteiro(a)","3","4","4","5","5","4","4","3","1x por semana","1x por semana","Raramente","2-3x por semana","Raramente","1x por mês","2-3x por semana","Raramente"
"2020/06/10 11:53:54 AM GMT-3","De 36 a 50 anos","Pós-graduação","Casado(a)","5","3","3","5","5","5","5","5","Raramente","Raramente","Raramente","4x por semana ou mais","Raramente","1x por mês","1x por mês","1x por mês"
"2020/06/10 11:58:32 AM GMT-3","A partir de 51 anos","Ensino Superior incompleto","Viúvo(a)","5","3","5","3","3","3","5","3","Raramente","Raramente","Raramente","1x por semana","Raramente","1x por semana","1x por semana","1x por mês"
"2020/06/10 12:03:40 PM GMT-3","A partir de 51 anos","Ensino Superior incompleto","Casado(a)","5","3","3","5","4","5","5","4","Raramente","Raramente","Raramente","1x por semana","Raramente","4x por semana ou mais","4x por semana ou mais","1x por semana"
"2020/06/10 12:05:49 PM GMT-3","De 25 a 35 anos","Pós-graduação","Casado(a)","4","3","5","5","5","5","5","5","Raramente","Raramente","Raramente","4x por semana ou mais","Raramente","4x por semana ou mais","4x por semana ou mais","2-3x por semana"
"2020/06/10 12:06:23 PM GMT-3","A partir de 51 anos","Ensino Superior incompleto","Casado(a)","5","4","3","5","4","5","5","4","Raramente","Raramente","Raramente","1x por semana","Raramente","4x por semana ou mais","4x por semana ou mais","1x por semana"
"2020/06/10 12:07:07 PM GMT-3","De 36 a 50 anos","Ensino Superior completo","Casado(a)","4","3","5","4","4","4","5","5","Raramente","Raramente","Raramente","1x por mês","Raramente","4x por semana ou mais","4x por semana ou mais","Raramente"
"2020/06/10 12:07:27 PM GMT-3","De 36 a 50 anos","Ensino Superior incompleto","Divorciado(a)","5","4","5","3","3","5","5","5","Raramente","Raramente","Raramente","1x por semana","Raramente","4x por semana ou mais","4x por semana ou mais","4x por semana ou mais"
"2020/06/10 12:23:43 PM GMT-3","De 36 a 50 anos","Ensino Superior completo","Casado(a)","5","5","5","5","5","5","5","5","Raramente","Raramente","Raramente","Raramente","Raramente","Raramente","Raramente","Raramente"
"2020/06/10 12:28:34 PM GMT-3","De 36 a 50 anos","Ensino Médio completo","Solteiro(a)","1","3","4","3","4","5","5","5","Raramente","Raramente","4x por semana ou mais","2-3x por semana","Raramente","4x por semana ou mais","Raramente","Raramente"
"2020/06/10 12:36:31 PM GMT-3","De 18 a 24 anos","Ensino Superior incompleto","Solteiro(a)","3","3","4","3","3","5","5","3","1x por semana","Raramente","4x por semana ou mais","2-3x por semana","Raramente","4x por semana ou mais","2-3x por semana","2-3x por semana"
"2020/06/10 12:55:29 PM GMT-3","Até 17 anos","Ensino Médio incompleto","Solteiro(a)","4","3","3","4","4","4","5","4","Raramente","Raramente","1x por semana","4x por semana ou mais","4x por semana ou mais","4x por semana ou mais","1x por semana","Raramente"
"2020/06/10 1:21:02 PM GMT-3","De 25 a 35 anos","Ensino Superior completo","Casado(a)","5","4","5","3","4","4","5","4","Raramente","Raramente","Raramente","2-3x por semana","Raramente","4x por semana ou mais","4x por semana ou mais","2-3x por semana"
"2020/06/10 1:23:43 PM GMT-3","De 36 a 50 anos","Pós-graduação","Solteiro(a)","5","5","5","5","5","5","5","5","Raramente","Raramente","Raramente","2-3x por semana","2-3x por semana","4x por semana ou mais","1x por semana","1x por semana"
"2020/06/10 1:24:13 PM GMT-3","De 36 a 50 anos","Ensino Superior completo","Casado(a)","5","3","1","5","5","5","5","3","Raramente","Raramente","Raramente","2-3x por semana","Raramente","4x por semana ou mais","4x por semana ou mais","2-3x por semana"
"2020/06/10 1:33:19 PM GMT-3","A partir de 51 anos","Ensino Médio completo","Casado(a)","5","3","5","3","5","3","4","4","Raramente","Raramente","Raramente","Raramente","Raramente","2-3x por semana","2-3x por semana","1x por mês"
"2020/06/10 1:39:34 PM GMT-3","De 36 a 50 anos","Ensino Médio completo","Casado(a)","5","5","2","5","5","5","5","5","1x por mês","1x por mês","Raramente","Raramente","Raramente","1x por semana","1x por semana","1x por semana"
"2020/06/10 1:41:49 PM GMT-3","De 25 a 35 anos","Ensino Superior incompleto","Casado(a)","1","2","2","5","5","5","5","5","Raramente","Raramente","Raramente","4x por semana ou mais","4x por semana ou mais","4x por semana ou mais","4x por semana ou mais","4x por semana ou mais"
"2020/06/10 1:44:38 PM GMT-3","De 36 a 50 anos","Ensino Superior completo","Divorciado(a)","5","5","3","5","5","5","5","5","Raramente","Raramente","1x por mês","4x por semana ou mais","Raramente","2-3x por semana","4x por semana ou mais","2-3x por semana"
"2020/06/10 1:46:33 PM GMT-3","De 36 a 50 anos","Pós-graduação","Casado(a)","1","5","4","5","5","5","5","5","Raramente","Raramente","Raramente","4x por semana ou mais","Raramente","4x por semana ou mais","4x por semana ou mais","2-3x por semana"
"2020/06/10 2:04:25 PM GMT-3","De 36 a 50 anos","Ensino Superior completo","Casado(a)","1","4","1","4","2","4","5","5","Raramente","Raramente","Raramente","2-3x por semana","Raramente","2-3x por semana","Raramente","1x por semana"
"2020/06/10 2:05:41 PM GMT-3","De 25 a 35 anos","Ensino Superior completo","Casado(a)","2","3","5","5","5","5","5","3","Raramente","Raramente","Raramente","Raramente","Raramente","4x por semana ou mais","4x por semana ou mais","1x por semana"
"2020/06/10 2:09:50 PM GMT-3","De 25 a 35 anos","Ensino Superior completo","Solteiro(a)","2","4","4","4","5","4","5","3","Raramente","Raramente","Raramente","Raramente","Raramente","4x por semana ou mais","4x por semana ou mais","1x por semana"
"2020/06/10 2:14:15 PM GMT-3","De 36 a 50 anos","Pós-graduação","Casado(a)","5","4","4","5","4","2","3","4","Raramente","Raramente","Raramente","4x por semana ou mais","Raramente","4x por semana ou mais","4x por semana ou mais","1x por mês"
"2020/06/10 2:26:02 PM GMT-3","A partir de 51 anos","Pós-graduação","Casado(a)","5","3","1","5","5","3","5","3","Raramente","Raramente","Raramente","Raramente","Raramente","2-3x por semana","2-3x por semana","1x por semana"
"2020/06/10 2:33:19 PM GMT-3","A partir de 51 anos","Ensino Superior completo","Viúvo(a)","4","3","3","4","2","4","4","4","Raramente","Raramente","Raramente","1x por mês","Raramente","1x por semana","1x por semana","Raramente"
"2020/06/10 2:34:37 PM GMT-3","De 18 a 24 anos","Ensino Superior incompleto","Solteiro(a)","4","3","4","5","3","5","5","4","Raramente","Raramente","Raramente","Raramente","Raramente","Raramente","1x por semana","2-3x por semana"
"2020/06/10 2:47:10 PM GMT-3","De 36 a 50 anos","Pós-graduação","Casado(a)","5","3","5","4","5","5","5","3","Raramente","Raramente","Raramente","Raramente","Raramente","4x por semana ou mais","4x por semana ou mais","2-3x por semana"
"2020/06/10 2:49:02 PM GMT-3","De 25 a 35 anos","Ensino Superior completo","Solteiro(a)","5","5","5","3","3","3","5","3","Raramente","Raramente","Raramente","1x por semana","1x por mês","2-3x por semana","2-3x por semana","2-3x por semana"
"2020/06/10 2:53:29 PM GMT-3","De 36 a 50 anos","Pós-graduação","Casado(a)","5","2","5","5","5","5","5","3","Raramente","Raramente","Raramente","4x por semana ou mais","Raramente","4x por semana ou mais","4x por semana ou mais","2-3x por semana"
"2020/06/10 3:22:01 PM GMT-3","De 18 a 24 anos","Ensino Superior incompleto","Solteiro(a)","3","4","5","5","5","4","5","3","4x por semana ou mais","4x por semana ou mais","1x por semana","4x por semana ou mais","Raramente","4x por semana ou mais","2-3x por semana","2-3x por semana"
"2020/06/10 3:23:01 PM GMT-3","Até 17 anos","Ensino Médio incompleto","Solteiro(a)","3","3","4","4","4","2","4","1","Raramente","Raramente","1x por mês","4x por semana ou mais","Raramente","1x por mês","4x por semana ou mais","2-3x por semana"
"2020/06/10 3:42:12 PM GMT-3","De 36 a 50 anos","Ensino Superior completo","Solteiro(a)","4","4","4","4","5","4","3","5","Raramente","Raramente","Raramente","4x por semana ou mais","1x por semana","1x por semana","2-3x por semana","1x por semana"
"2020/06/10 3:43:38 PM GMT-3","De 25 a 35 anos","Pós-graduação","Casado(a)","5","3","3","5","5","5","5","5","Raramente","Raramente","Raramente","Raramente","Raramente","Raramente","Raramente","Raramente"
"2020/06/10 4:13:23 PM GMT-3","De 36 a 50 anos","Ensino Médio completo","Casado(a)","5","3","5","5","5","5","5","4","Raramente","Raramente","Raramente","Raramente","Raramente","Raramente","1x por semana","Raramente"
"2020/06/10 4:17:26 PM GMT-3","A partir de 51 anos","Pós-graduação","Casado(a)","5","4","5","3","5","5","5","5","Raramente","Raramente","Raramente","4x por semana ou mais","Raramente","4x por semana ou mais","2-3x por semana","1x por semana"
"2020/06/10 4:20:32 PM GMT-3","De 25 a 35 anos","Pós-graduação","Casado(a)","3","3","3","3","3","5","5","5","Raramente","Raramente","1x por semana","1x por semana","1x por semana","1x por semana","1x por semana","1x por semana"
"2020/06/10 4:20:37 PM GMT-3","De 25 a 35 anos","Pós-graduação","Casado(a)","3","3","3","3","3","5","5","5","Raramente","Raramente","1x por semana","1x por semana","1x por semana","1x por semana","1x por semana","1x por semana"
"2020/06/10 4:20:42 PM GMT-3","De 25 a 35 anos","Pós-graduação","Casado(a)","3","3","3","3","3","5","5","5","Raramente","Raramente","1x por semana","1x por semana","1x por semana","1x por semana","1x por semana","1x por semana"
"2020/06/10 4:34:52 PM GMT-3","De 18 a 24 anos","Ensino Superior incompleto","Solteiro(a)","5","3","3","5","5","5","5","3","Raramente","Raramente","1x por semana","2-3x por semana","2-3x por semana","2-3x por semana","2-3x por semana","2-3x por semana"
"2020/06/10 4:50:59 PM GMT-3","De 36 a 50 anos","Ensino Superior completo","Casado(a)","5","3","3","5","5","5","5","4","Raramente","Raramente","Raramente","1x por semana","Raramente","1x por semana","1x por semana","Raramente"
"2020/06/10 5:30:52 PM GMT-3","De 25 a 35 anos","Pós-graduação","Casado(a)","5","3","1","5","5","5","5","5","Raramente","Raramente","Raramente","1x por mês","Raramente","2-3x por semana","Raramente","2-3x por semana"
"2020/06/10 5:36:08 PM GMT-3","De 18 a 24 anos","Ensino Médio completo","Solteiro(a)","4","2","4","3","3","4","5","4","Raramente","Raramente","4x por semana ou mais","1x por semana","Raramente","Raramente","4x por semana ou mais","4x por semana ou mais"
"2020/06/10 5:50:06 PM GMT-3","De 36 a 50 anos","Pós-graduação","Casado(a)","5","3","2","4","4","4","5","4","Raramente","1x por mês","1x por mês","2-3x por semana","Raramente","2-3x por semana","2-3x por semana","1x por semana"
"2020/06/10 6:57:11 PM GMT-3","A partir de 51 anos","Ensino Superior completo","Viúvo(a)","4","3","3","4","2","4","4","4","Raramente","Raramente","Raramente","1x por mês","Raramente","1x por semana","1x por semana","Raramente"
"2020/06/10 7:05:48 PM GMT-3","De 36 a 50 anos","Pós-graduação","Casado(a)","5","2","5","5","5","5","5","3","Raramente","Raramente","Raramente","4x por semana ou mais","Raramente","4x por semana ou mais","4x por semana ou mais","2-3x por semana"
"2020/06/10 7:16:03 PM GMT-3","A partir de 51 anos","Ensino Superior completo","Casado(a)","4","4","3","5","5","5","5","4","4x por semana ou mais","4x por semana ou mais","4x por semana ou mais","2-3x por semana","Raramente","4x por semana ou mais","4x por semana ou mais","4x por semana ou mais"
"2020/06/10 7:41:38 PM GMT-3","De 25 a 35 anos","Pós-graduação","Casado(a)","5","3","3","5","5","5","5","5","Raramente","Raramente","Raramente","Raramente","Raramente","Raramente","Raramente","Raramente"
"2020/06/10 8:43:56 PM GMT-3","De 36 a 50 anos","Pós-graduação","Casado(a)","5","2","5","5","5","5","5","3","Raramente","Raramente","Raramente","4x por semana ou mais","Raramente","4x por semana ou mais","4x por semana ou mais","2-3x por semana"
"2020/06/10 9:05:11 PM GMT-3","De 25 a 35 anos","Ensino Superior completo","Solteiro(a)","5","3","4","3","3","5","5","4","4x por semana ou mais","Raramente","Raramente","4x por semana ou mais","Raramente","4x por semana ou mais","Raramente","2-3x por semana"
"2020/06/10 10:12:52 PM GMT-3","Até 17 anos","Ensino Médio incompleto","Solteiro(a)","5","3","5","5","5","3","5","5","Raramente","Raramente","4x por semana ou mais","4x por semana ou mais","Raramente","4x por semana ou mais","Raramente","4x por semana ou mais"
"2020/06/10 10:29:23 PM GMT-3","De 18 a 24 anos","Ensino Superior incompleto","Solteiro(a)","4","4","2","5","3","5","4","3","Raramente","Raramente","2-3x por semana","1x por semana","Raramente","1x por semana","4x por semana ou mais","1x por semana"
"2020/06/10 10:30:28 PM GMT-3","Até 17 anos","Ensino Fundamental ou menos","Solteiro(a)","4","2","5","4","5","4","5","2","Raramente","Raramente","1x por semana","4x por semana ou mais","2-3x por semana","Raramente","2-3x por semana","1x por mês"
"2020/06/10 11:24:37 PM GMT-3","A partir de 51 anos","Ensino Superior completo","Casado(a)","5","3","5","5","5","5","5","3","Raramente","Raramente","Raramente","Raramente","Raramente","Raramente","Raramente","Raramente"
"2020/06/11 12:35:35 AM GMT-3","Até 17 anos","Ensino Médio incompleto","Casado(a)","5","3","5","4","5","5","5","4","Raramente","Raramente","1x por mês","1x por semana","Raramente","4x por semana ou mais","1x por mês","Raramente"
"2020/06/11 4:00:24 AM GMT-3","De 25 a 35 anos","Ensino Superior completo","Solteiro(a)","1","5","2","3","4","5","5","3","Raramente","Raramente","Raramente","1x por mês","Raramente","4x por semana ou mais","4x por semana ou mais","2-3x por semana"
"2020/06/11 9:31:50 AM GMT-3","De 36 a 50 anos","Ensino Superior completo","Casado(a)","5","3","4","5","4","4","5","5","Raramente","Raramente","Raramente","1x por semana","Raramente","2-3x por semana","1x por semana","2-3x por semana"
"2020/06/11 10:13:35 AM GMT-3","De 36 a 50 anos","Ensino Superior completo","Solteiro(a)","4","4","4","4","5","4","3","5","Raramente","Raramente","Raramente","4x por semana ou mais","1x por semana","1x por semana","2-3x por semana","1x por semana"
"2020/06/11 10:45:39 AM GMT-3","De 36 a 50 anos","Ensino Superior completo","Casado(a)","5","5","5","5","5","5","5","5","Raramente","Raramente","Raramente","2-3x por semana","Raramente","2-3x por semana","2-3x por semana","Raramente"
"2020/06/11 10:54:31 AM GMT-3","A partir de 51 anos","Ensino Superior completo","Casado(a)","5","3","5","5","4","4","5","5","Raramente","Raramente","Raramente","4x por semana ou mais","Raramente","4x por semana ou mais","4x por semana ou mais","2-3x por semana"
"2020/06/11 11:20:00 AM GMT-3","De 18 a 24 anos","Ensino Superior incompleto","Solteiro(a)","2","5","5","5","3","3","5","5","Raramente","Raramente","Raramente","1x por mês","1x por mês","2-3x por semana","4x por semana ou mais","2-3x por semana"
"2020/06/11 2:34:05 PM GMT-3","De 25 a 35 anos","Ensino Superior incompleto","Solteiro(a)","5","3","3","4","5","4","5","5","4x por semana ou mais","Raramente","4x por semana ou mais","2-3x por semana","Raramente","4x por semana ou mais","2-3x por semana","Raramente"
"2020/06/11 3:17:13 PM GMT-3","De 25 a 35 anos","Ensino Superior completo","Casado(a)","5","3","5","5","4","4","5","2","Raramente","Raramente","Raramente","4x por semana ou mais","Raramente","2-3x por semana","2-3x por semana","1x por semana"
"2020/06/11 7:44:22 PM GMT-3","De 36 a 50 anos","Ensino Superior completo","Casado(a)","1","4","1","4","2","4","5","5","Raramente","Raramente","Raramente","2-3x por semana","Raramente","2-3x por semana","Raramente","1x por semana"